<?xml version = "1.0" encoding = "utf-8" ?>

<!--********** Copyright 2016 Roku Corp.  All Rights Reserved. **********-->

<component name = "MarkupGridItem" extends = "Group" >

  <interface>
    <field id = "itemContent" type = "node" onChange = "showcontent"/>
    <field id = "focusPercent" type = "float" onChange = "showfocus"/>
  </interface>

  <script type = "text/brightscript" uri="markupGridItem.brs" />

  <children >

    <Poster
      id = "itemPoster"
      translation = "[ 10, 10 ]"
      width = "512"
      height = "288"
      scaleRotateCenter = "[ 256.0, 144.0 ]" >

      <Rectangle
        id = "itemMask"
        color = "0x000000FF"
        opacity = "0.75"
        width = "512"
        height = "288"
        scaleRotateCenter = "[ 256.0, 144.0 ]" />

    </Poster>

  </children>

</component>
